<?xml version="1.0" encoding="UTF-8" ?>
<module>
	<name>vwbrozetkamodule</name>
	<displayName><![CDATA[VWB Module for creating XML file to Rozetka]]></displayName>
	<version><![CDATA[1.0.0]]></version>
	<description><![CDATA[This module let you create xml feed by choosing manufacturer list...]]></description>
	<author><![CDATA[ViWeb]]></author>
	<tab><![CDATA[front_office_features]]></tab>
	<is_configurable>1</is_configurable>
	<need_instance>1</need_instance>
	<limited_countries></limited_countries>
</module>